SKU,Name,Short description,Description,Regular price
YYY037001,DOTTZ Color Cheek Pop Command Blush,"• Disponible en 2 tonos: 01 Bloom Rose Blur (rosa malva difuminado) y 02 Cool Pink Chiffon (rosa frío tipo chiffon).
• Efecto ""filtro borroso"" (bloom/blur) que difumina la apariencia de la piel al aplicarlo.
• Polvo de textura fina y sedosa, fácil de difuminar.
• Acabado natural tipo acuarela, sin sensación pesada.","Conoce el Color Cheek Pop Command Blush de DOTTZ, un rubor en polvo de textura fina y sedosa pensado para entregar un efecto ""filtro borroso"" en las mejillas, como si llevaras un filtro de cámara puesto sobre la piel. Su fórmula se difumina con facilidad, dejando un acabado natural tipo acuarela que ilumina el rostro sin sensación pesada.
Disponible en 2 tonos:
01 Bloom Rose Blur, un rosa malva difuminado de aspecto saludable y cálido
02 Cool Pink Chiffon, un rosa frío con un toque violáceo, ideal para un look más sofisticado y delicado.
Ambos tonos comparten una base enriquecida con Manteca de Karité y Aceite de Macadamia, que aportan suavidad al deslizar el producto sobre la piel, junto a Extracto de Té Verde, Manzanilla y Bambú, que ayudan a calmar la piel durante la aplicación.",16980
YYY037002,DOTTZ Color Cheek Pop Command Blush,"• Disponible en 2 tonos: 01 Bloom Rose Blur (rosa malva difuminado) y 02 Cool Pink Chiffon (rosa frío tipo chiffon).
• Efecto ""filtro borroso"" (bloom/blur) que difumina la apariencia de la piel al aplicarlo.
• Polvo de textura fina y sedosa, fácil de difuminar.
• Acabado natural tipo acuarela, sin sensación pesada.","Conoce el Color Cheek Pop Command Blush de DOTTZ, un rubor en polvo de textura fina y sedosa pensado para entregar un efecto ""filtro borroso"" en las mejillas, como si llevaras un filtro de cámara puesto sobre la piel. Su fórmula se difumina con facilidad, dejando un acabado natural tipo acuarela que ilumina el rostro sin sensación pesada.
Disponible en 2 tonos:
01 Bloom Rose Blur, un rosa malva difuminado de aspecto saludable y cálido
02 Cool Pink Chiffon, un rosa frío con un toque violáceo, ideal para un look más sofisticado y delicado.
Ambos tonos comparten una base enriquecida con Manteca de Karité y Aceite de Macadamia, que aportan suavidad al deslizar el producto sobre la piel, junto a Extracto de Té Verde, Manzanilla y Bambú, que ayudan a calmar la piel durante la aplicación.",16980
YYY035001,GIVERNY Milchak Pen Liner,"• Disponible en 2 tonos: 01 Black (negro intenso) y 02 Black Brown (negro con base marrón).
• Punta tipo esponja ultra suave que entrega control total para trazos precisos.
• Fórmula ""Ink Fit"" de larga duración, resistente al agua y a las manchas hasta por 24 horas.
• Color altamente pigmentado desde la primera pasada.
• Secado rápido, sin arrastrar ni craquelar.","Conoce el Milchak Pen Liner de GIVERNY, un delineador tipo pluma con punta de esponja ultra suave que entrega control total para crear líneas precisas y duraderas durante todo el día. Su fórmula ""Ink Fit"" resiste al agua y a las manchas hasta por 24 horas, manteniendo el color intenso y vívido desde la primera aplicación.
Disponible en 2 tonos:
01 Black, un negro intenso ideal para una mirada definida y de alto contraste.
02 Black Brown, un negro con base marrón que suaviza el efecto frente al negro puro, perfecto para una mirada con encanto sin perder profundidad.
Su punta de esponja de alta densidad permite dibujar de manera uniforme, ya sea un trazo fino y natural o uno más grueso y definido, secando rápido y sin arrastrar el color sobre el párpado.",13980
YYY035002,GIVERNY Milchak Pen Liner,"• Disponible en 2 tonos: 01 Black (negro intenso) y 02 Black Brown (negro con base marrón).
• Punta tipo esponja ultra suave que entrega control total para trazos precisos.
• Fórmula ""Ink Fit"" de larga duración, resistente al agua y a las manchas hasta por 24 horas.
• Color altamente pigmentado desde la primera pasada.
• Secado rápido, sin arrastrar ni craquelar.","Conoce el Milchak Pen Liner de GIVERNY, un delineador tipo pluma con punta de esponja ultra suave que entrega control total para crear líneas precisas y duraderas durante todo el día. Su fórmula ""Ink Fit"" resiste al agua y a las manchas hasta por 24 horas, manteniendo el color intenso y vívido desde la primera aplicación.
Disponible en 2 tonos:
01 Black, un negro intenso ideal para una mirada definida y de alto contraste.
02 Black Brown, un negro con base marrón que suaviza el efecto frente al negro puro, perfecto para una mirada con encanto sin perder profundidad.
Su punta de esponja de alta densidad permite dibujar de manera uniforme, ya sea un trazo fino y natural o uno más grueso y definido, secando rápido y sin arrastrar el color sobre el párpado.",13980
YYY032001,VUCA Scent Classic Diffuser 260ml,"• Difusor de varitas de libración constante y duradera, diseño elegante en frasco translúcido.
• 5 variantes de aroma para elegir: desde florales y frutales hasta acuáticos y frescos.
• Intensidad ajustable: a más varitas insertadas, mayor proyección del aroma.
• Fácil de mantener: voltear las varitas cada 1-2 semanas para renovar la fragancia.
• Ideal para living, dormitorio, baño u oficina.
• Perfecta para regalo o autoregalo: packaging cuidado, aroma de hogar coreano.","Conoce el Scent Classic Diffuser de VUCA, un difusor de varitas que perfuma el hogar de forma constante y duradera, sin necesidad de electricidad ni fuego. Su fragancia se libera gradualmente a través de las varitas de ratán, creando un ambiente acogedor que perdura durante semanas.
Disponible en 5 variantes de aroma para adaptar el ambiente a cada momento y personalidad... Su diseño minimalista en frasco translúcido lo convierte en un elemento decorativo en sí mismo.
Ajusta la intensidad del aroma según tus preferencias: más varitas = mayor proyección.",21980
YYY032002,VUCA Scent Classic Diffuser 260ml,"• Difusor de varitas de libración constante y duradera, diseño elegante en frasco translúcido.
• 5 variantes de aroma para elegir: desde florales y frutales hasta acuáticos y frescos.
• Intensidad ajustable: a más varitas insertadas, mayor proyección del aroma.
• Fácil de mantener: voltear las varitas cada 1-2 semanas para renovar la fragancia.
• Ideal para living, dormitorio, baño u oficina.
• Perfecta para regalo o autoregalo: packaging cuidado, aroma de hogar coreano.","Conoce el Scent Classic Diffuser de VUCA, un difusor de varitas que perfuma el hogar de forma constante y duradera, sin necesidad de electricidad ni fuego. Su fragancia se libera gradualmente a través de las varitas de ratán, creando un ambiente acogedor que perdura durante semanas.
Disponible en 5 variantes de aroma para adaptar el ambiente a cada momento y personalidad... Su diseño minimalista en frasco translúcido lo convierte en un elemento decorativo en sí mismo.
Ajusta la intensidad del aroma según tus preferencias: más varitas = mayor proyección.",21980
YYY032003,VUCA Scent Classic Diffuser 260ml,"• Difusor de varitas de libración constante y duradera, diseño elegante en frasco translúcido.
• 5 variantes de aroma para elegir: desde florales y frutales hasta acuáticos y frescos.
• Intensidad ajustable: a más varitas insertadas, mayor proyección del aroma.
• Fácil de mantener: voltear las varitas cada 1-2 semanas para renovar la fragancia.
• Ideal para living, dormitorio, baño u oficina.
• Perfecta para regalo o autoregalo: packaging cuidado, aroma de hogar coreano.","Conoce el Scent Classic Diffuser de VUCA, un difusor de varitas que perfuma el hogar de forma constante y duradera, sin necesidad de electricidad ni fuego. Su fragancia se libera gradualmente a través de las varitas de ratán, creando un ambiente acogedor que perdura durante semanas.
Disponible en 5 variantes de aroma para adaptar el ambiente a cada momento y personalidad... Su diseño minimalista en frasco translúcido lo convierte en un elemento decorativo en sí mismo.
Ajusta la intensidad del aroma según tus preferencias: más varitas = mayor proyección.",21980
YYY032004,VUCA Scent Classic Diffuser 260ml,"• Difusor de varitas de libración constante y duradera, diseño elegante en frasco translúcido.
• 5 variantes de aroma para elegir: desde florales y frutales hasta acuáticos y frescos.
• Intensidad ajustable: a más varitas insertadas, mayor proyección del aroma.
• Fácil de mantener: voltear las varitas cada 1-2 semanas para renovar la fragancia.
• Ideal para living, dormitorio, baño u oficina.
• Perfecta para regalo o autoregalo: packaging cuidado, aroma de hogar coreano.","Conoce el Scent Classic Diffuser de VUCA, un difusor de varitas que perfuma el hogar de forma constante y duradera, sin necesidad de electricidad ni fuego. Su fragancia se libera gradualmente a través de las varitas de ratán, creando un ambiente acogedor que perdura durante semanas.
Disponible en 5 variantes de aroma para adaptar el ambiente a cada momento y personalidad... Su diseño minimalista en frasco translúcido lo convierte en un elemento decorativo en sí mismo.
Ajusta la intensidad del aroma según tus preferencias: más varitas = mayor proyección.",21980
YYY032005,VUCA Scent Classic Diffuser 260ml,"• Difusor de varitas de libración constante y duradera, diseño elegante en frasco translúcido.
• 5 variantes de aroma para elegir: desde florales y frutales hasta acuáticos y frescos.
• Intensidad ajustable: a más varitas insertadas, mayor proyección del aroma.
• Fácil de mantener: voltear las varitas cada 1-2 semanas para renovar la fragancia.
• Ideal para living, dormitorio, baño u oficina.
• Perfecta para regalo o autoregalo: packaging cuidado, aroma de hogar coreano.","Conoce el Scent Classic Diffuser de VUCA, un difusor de varitas que perfuma el hogar de forma constante y duradera, sin necesidad de electricidad ni fuego. Su fragancia se libera gradualmente a través de las varitas de ratán, creando un ambiente acogedor que perdura durante semanas.
Disponible en 5 variantes de aroma para adaptar el ambiente a cada momento y personalidad... Su diseño minimalista en frasco translúcido lo convierte en un elemento decorativo en sí mismo.
Ajusta la intensidad del aroma según tus preferencias: más varitas = mayor proyección.",21980
YYY025001,ZIGTAG Berry Smoothie Scrub Cleanser 130ml,"• Limpiador 4 en 1: limpia, exfolia, destapa poros e hidrata en un solo paso.
• Textura tipo jalea elástica de Konjac, que exfolia suavemente sin irritar.
• Remueve el 99,91% del maquillaje, sin necesidad de doble limpieza.
• Controla el exceso de sebo y es apto para piel con tendencia acneica.
• Complejo de Vitamina B, C y E que hidrata y aporta vitalidad a la piel.","Conoce el Berry Smoothie Scrub Cleanser de ZIGTAG, un limpiador exfoliante de Konjac con una textura elástica tipo jalea de smoothie, que transforma la limpieza facial en un paso divertido y sensorial. Funciona como limpiador, exfoliante, mascarilla y removedor de maquillaje en uno solo, eliminando el 99,91% del maquillaje sin necesidad de doble limpieza.
Su fórmula está potenciada con Extracto de Frambuesa, que revitaliza la piel opaca aportando hidratación y nutrición, y un complejo de Vitaminas B, C y E que hidrata y devuelve vitalidad a la piel. El Konjac afina los poros con una exfoliación suave que no irrita, mientras controla el exceso de sebo, siendo apto incluso para piel con tendencia acneica.",16980
YYY025002,ZIGTAG PDRN+ Energy Boost Pad 70ea,"• Tecnología PDRN Transome con absorción hasta 3,2 veces mayor.
• Con péptidos de colágeno vegano de bajo peso molecular con efecto lifting.
• Sensación de frío que reduce la temperatura de la piel en -6,7°C tras un solo uso.
• Tela tipo gel que se expande un 273% al contacto con agua para hidratación intensa.
• Fórmula de baja irritación, testeada dermatológicamente.","Conoce el PDRN+ Energy Boost Pad de ZIGTAG, un disco revitalizante potenciado con tecnología PDRN Transome, que logra una absorción hasta 3,2 veces mayor para entregar energía revitalizante a la piel opaca y cansada. Sus péptidos de colágeno vegano de bajo peso molecular ayudan a restaurar la firmeza perdida y entregar un efecto lifting visible.
Su tela tipo gel, suave y elástica, se expande un 273% al contacto con el agua, adhiriéndose firmemente a la piel para una hidratación intensa en solo 5 minutos. El Xilitol aporta una sensación de frío instantánea, reduciendo la temperatura de la piel hasta en 6,7°C tras un solo uso.",19980
YYY026001,SECRETKEY Snow White Cream 50g,"• Crema ""todo en uno"" que reemplaza base de maquillaje, hidratante y BB cream en un solo paso.
• Enriquecida con niacinamida que iluminan y dan un aspecto saludable.
• Textura ligera de absorción rápida, sin efecto pesado ni grasoso.
• Testeada dermatológicamente; apta para piel sensible.","Conoce la Snow White Cream de SecretKey, una crema ""todo en uno"" pensada para iluminar el tono de la piel y simplificar tu rutina, reemplazando base de maquillaje, hidratante y BB cream en un solo paso. Su ingrediente estrella, la Niacinamida, ayuda a prevenir la producción de melanina y a mantener un tono más parejo y luminoso.
Se complementa con Extracto de Perla y vitaminas, que aportan un aspecto saludable y radiante incluso sin maquillaje encima.",22980
YYY026002,SECRETKEY Snow White Spot Gel 65g,"• Gel multiuso para iluminar manchas y zonas oscuras: rostro, axilas, codos y entrepierna.
• Su niacinamida ayuda a inhibir la producción de melanina y unificar el tono.
• Con colágeno Hidrolizado y Ácido Hialurónico que hidratan en profundidad.
• Textura gel ligera, de absorción rápida, sin dejar residuo pegajoso ni necesidad de enjuagar.
• Apto para zonas sensibles del cuerpo, no solo el rostro.","Conoce el Snow White Spot Gel de SecretKey, un gel multiuso pensado para iluminar y unificar el tono en zonas que se oscurecen con el roce frecuente, como el rostro, las axilas, los codos y la línea del bikini. Su ingrediente estrella, la Niacinamida, ayuda a inhibir la producción de melanina y mejorar visiblemente el tono de la piel.
Se complementa con Colágeno Hidrolizado y Ácido Hialurónico, que aportan hidratación profunda, y un complejo de 8 extractos vegetales, incluyendo Aloe Vera, Verdolaga, Regaliz y Acerola, que calman la piel incluso en zonas sensibles del cuerpo.",27980
YYY026003,SECRETKEY Lemon Sparkling Peeling Gel 150ml,"• Gel exfoliante tipo ""gommage"" que remueve impurezas, sebo y células muertas con un efecto burbuja satisfactorio.
• Contiene Agua de Limón y Agua Carbonatada que iluminan y revitalizan la piel.
• Colágeno Hidrolizado y Ácido Hialurónico que aportan hidratación durante la exfoliación.
• Complejo calmante de Centella Asiática, Aloe Vera, Hamamelis y Manzanilla.
• Sin alcoholes agresivos, parabenos, siliconas ni sulfatos.
• Apto incluso para piel sensible.","Conoce el Lemon Sparkling Peeling Gel de SecretKey, un gel exfoliante tipo ""gommage"" que remueve con suavidad las impurezas, el exceso de sebo y las células muertas, dejando un residuo visible (peeling) muy satisfactorio que no daña la piel. Está potenciado con Agua de Limón y Agua Carbonatada, que ayudan a iluminar y revitalizar el aspecto de la piel.
Su fórmula incluye Colágeno Hidrolizado y Ácido Hialurónico, que aportan hidratación durante el proceso de exfoliación, junto a un complejo calmante de Centella Asiática, Aloe Vera, Hamamelis y Manzanilla.",23980
Por definir,FROM ZERO EX-PDRN Glow Mist 100ml,"• Bruma facial multiuso: tónico, bruma refrescante durante el día o fijador de maquillaje.
• Con PDRN vegetal que ayuda a la regeneración celular y al cuidado antiedad.
• Incluye partículas de Ceramida Cristalina que se activan al agitar el frasco, sellando la hidratación al instante.
• Extracto de Ginseng que aporta vitalidad y firmeza a la piel.
• Resultados clínicos: mejora de arrugas en un 25%, firmeza en un 21% y rugosidad en un 19% tras 8 semanas.
• Fragancia floral con estándares de seguridad IFRA.","Conoce el EX-PDRN Glow Mist de FROM ZERO, una bruma facial multifuncional pensada para entregar hidratación, luminosidad y cuidado celular profundo en cualquier momento del día. Su tecnología EX-PDRN (ADN de origen vegetal extraído de brócoli) trabaja junto al Extracto de Ginseng para apoyar la regeneración celular y aportar firmeza y vitalidad a la piel.
Su fórmula incluye partículas de Ceramida Cristalina que se depositan en el fondo del frasco: al agitar el producto, se activan e integran en la mezcla, sellando la hidratación al instante para un efecto ""glass skin"" duradero.",
YYY028002,FROM ZERO EX-PDRN Glow Serum,"• Serum revitalizante e iluminador
• Con tecnología de Doble Cápsula con Exosomas de Ginseng y EX-PDRN
• Su color rosado es natural gracias a la Vitamina B12 (Cianocobalamina), sin colorantes artificiales.
• Niacinamida que ilumina e hidrata en profundidad.
• Textura ligera de absorción rápida, sin sensación pegajosa.
• Multiuso: se puede usar en capas para potenciar el efecto luminoso.","Conoce el EX-PDRN Glow Serum de FROM ZERO, un serum de tecnología ""Doble Cápsula"" pensado para transformar la piel cansada, opaca y de tono desigual en un rostro luminoso y equilibrado. Su cápsula roja aporta Exosomas de Ginseng para un impulso revitalizante y de defensa diaria, mientras la cápsula verde entrega EX-PDRN, de origen vegetal a partir de brócoli, para apoyar la regeneración celular.
Su característico color rosado proviene de forma natural de la Vitamina B12 (Cianocobalamina), sin necesidad de colorantes artificiales. La Niacinamida ilumina y unifica el tono, mientras un complejo ""skinification"" de extractos vegetales, incluyendo neem, cúrcuma y tulsi, calma y protege la piel frente al estrés diario.",24980
ABP000201,Forest Therapy Ultra Calming Cream 30ml,"• Serum revitalizante e iluminador
• Con tecnología de Doble Cápsula con Exosomas de Ginseng y EX-PDRN
• Su color rosado es natural gracias a la Vitamina B12 (Cianocobalamina), sin colorantes artificiales.
• Niacinamida que ilumina e hidrata en profundidad.
• Textura ligera de absorción rápida, sin sensación pegajosa.
• Multiuso: se puede usar en capas para potenciar el efecto luminoso.",,14980
